{"cameraMode":{"drawMode":0,"name":"Shaded","section":"Shading Mode"},"sceneLighting":true,"audioPlay":false,"sceneViewState":{"m_AlwaysRefresh":false,"showFog":true,"showSkybox":true,"showFlares":true,"showImageEffects":true,"showParticleSystems":true,"showVisualEffectGraphs":true,"m_FxEnabled":true},"in2DMode":false,"pivot":{"x":1.2501826286315919,"y":4.816669464111328,"z":-8.896549224853516},"rotation":{"x":0.16898833215236665,"y":0.010009578429162503,"z":-0.0017564621521160007,"w":0.985633373260498},"size":0.9933639764785767,"orthographic":false}